wallet,nb_marches,volume_usd,nb_wins,nb_losses,win_rate_pct,volume_par_marche
0xF8b1864046A787f55b68203611830E21744F2282,39,43982.0,39.0,0.0,100.0,1128.0
0x31AfCaF5538e0c8F1ebc4FE5956d49Acd0b70960,28,13180.0,28.0,0.0,100.0,471.0
0x59e3f9E88e94CeB78e9CC0FB996A18b98F7e1B57,31,14397.0,31.0,0.0,100.0,464.0
0xBcE5D732751719310f56a0D51E7B0FB6195b152C,31,13037.0,31.0,0.0,100.0,421.0
0x6B4C229633182B8EA45e393424163C2962ee8349,31,15079.0,31.0,0.0,100.0,486.0
0xAdB5C2d65D0b04ACBc464ac7e228E54EcBf9847d,21,15106.0,21.0,0.0,100.0,719.0
0x9c9c439609E53641DcEe6A78287fF2c615f284F2,37,14748.0,37.0,0.0,100.0,399.0
0x2846B308cE6411D5EEBb27dF1445ADaB93D387a8,22,11250.0,22.0,0.0,100.0,511.0
0x40FDCFBD4a0fC594E37745375743944a1E8dF1df,23,13336.0,23.0,0.0,100.0,580.0
0xb4ca621209586d0394c8f583107EADe51EDC3B01,36,35066.0,36.0,0.0,100.0,974.0
0x10E7fBaED3fdf2eeA674ce61C7a50Fe83269AFFE,27,24873.0,27.0,0.0,100.0,921.0
0xd981aDb1dF62EE72FFee7b19A72469A373E5107a,20,10565.0,20.0,0.0,100.0,528.0
0x6496bE2608199ed269e608e06115F869A746375b,27,14952.0,27.0,0.0,100.0,554.0
0x8DA7e2E33d42191dc86a9519102dB8fd076E1E15,30,12883.0,30.0,0.0,100.0,429.0
0xFf04f43218AAC955c94eB55BC79476c20934f648,24,15045.0,24.0,0.0,100.0,627.0
0x0977B497E08752eFABb20816bdE3CA7581DD37F9,28,14950.0,28.0,0.0,100.0,534.0
0x85d3Ef065a32b3928fCCB4a69D7Ca497efe26316,27,24328.0,27.0,0.0,100.0,901.0
0xF5bC62E2937Af19322caB9cd28F72cc18DD57e27,20,15047.0,20.0,0.0,100.0,752.0
0xD920ef7bbb602D0b2DAB6b5DBc9198b4C12672d7,33,14562.0,33.0,0.0,100.0,441.0
0x7B974186194b825704372D537704829d0503E52B,44,38477.0,44.0,0.0,100.0,874.0
0x776664D1bFDA70728CDb6F8Bc992BfEC3d47F983,33,14983.0,33.0,0.0,100.0,454.0
0xA0C2FaAEb04c80ceA3692927B7e476448Bcb4AdB,25,14963.0,25.0,0.0,100.0,599.0
0xcbb3CC8e14CA8b907dC1a3312fe163f116fCB804,40,24913.0,40.0,0.0,100.0,623.0
0xE6A3cbe3d5FA2996932a50237B84411df156cC11,30,14148.0,30.0,0.0,100.0,472.0
0x29174616B8DA58b6F3cC8f1cbc197009843bC4b7,27,14620.0,27.0,0.0,100.0,541.0
0x3a1a9F084f1138310C95D1943E79Fca82AF99c1e,32,14915.0,32.0,0.0,100.0,466.0
0x787c2E5f7480EF67167e0C77428A179C6B90Fb9e,46,33331.0,46.0,0.0,100.0,725.0
0x4482c04dB14dba95A315C0B94F3dC8ca10e4a709,29,10931.0,29.0,0.0,100.0,377.0
0xcB33D723705f7F3ac7b952ef2c9313303f6E1F6F,30,15097.0,30.0,0.0,100.0,503.0
0x3a4D32B781E781d8A40170F4118ba23145Ec7d30,20,10019.0,20.0,0.0,100.0,501.0
0x7699DA5e66aec3D7fB79f8038406160d4c5eB1d5,31,15023.0,31.0,0.0,100.0,485.0
0x521A389212E92FE736dbE1619E07482a19B12d89,28,15014.0,28.0,0.0,100.0,536.0
0xdC8F10db32acc91C3bb06f9D4432A76B6A1DF1ec,20,15084.0,20.0,0.0,100.0,754.0
0xfB460e364De2C6c01119a3f3e0f3c0C1a6b322E0,40,25063.0,40.0,0.0,100.0,627.0
0x4BfC7f21BB7594d3bCa2050B2FA0a0Ae289C3078,29,14058.0,29.0,0.0,100.0,485.0
0x806b243E83cf2b562b00666F7264F8cBDa0D9014,31,15066.0,31.0,0.0,100.0,486.0
0x904074427cA6480DE2Dd325286B2c6E71681E36e,41,24685.0,41.0,0.0,100.0,602.0
0xcf3F7f881aa9d43F30A1482949b3CB0523301bD1,23,15065.0,23.0,0.0,100.0,655.0
0xe6560FE09fe3C5C83847d02bd6ecd08eD8ED8F04,29,14952.0,29.0,0.0,100.0,516.0
0x73DD0DAb0478d9561243fB4C1765a168967263eB,25,24852.0,25.0,0.0,100.0,994.0
0x4FA76E40dE33E2b42d9011bFbbb56176eE5039b3,20,14430.0,20.0,0.0,100.0,721.0
0xCDD9483B24f822c31bf6D6b9572973a9B1Daa5FB,20,15033.0,20.0,0.0,100.0,752.0
0x327a2a0A62Cfe86146c4f5F0713934C0b56AFFef,31,11179.0,31.0,0.0,100.0,361.0
0xe6e73A00c72688e1D40cE7d6cDd239d873E0fc77,23,14714.0,23.0,0.0,100.0,640.0
0x96F46827aBe6cc4399f5042444f9efb10443B7Ab,24,24882.0,24.0,0.0,100.0,1037.0
0x6C4bdC6Cd32250706CD1e2355b8a0Ee47a6ef773,22,15100.0,22.0,0.0,100.0,686.0
0x0FF2826447572B0529978972F5E3c6497C0aBB4F,30,12506.0,30.0,0.0,100.0,417.0
0xC6C0ce8367345c8ABF49a8E5E2362DB9f2412A44,23,14865.0,23.0,0.0,100.0,646.0
0xEEF1154c6f1BF2695EC35e5F51B9911fC27B4c73,20,15073.0,20.0,0.0,100.0,754.0
0x83A8eB2e8e7dF3223104d50bC0888398c79dc6bA,26,25002.0,26.0,0.0,100.0,962.0
0x3a4b0E3CA3FD10867A35f0d52539503fEee4AFC8,30,15112.0,30.0,0.0,100.0,504.0
0x8aE7BD1cc0a9B30ecd083ac3434eCDe8b824179e,29,14041.0,29.0,0.0,100.0,484.0
0x6eDC9366dA354780A9718F0f6d8b1DFd35845EBe,30,15049.0,30.0,0.0,100.0,502.0
0x76Fec7fDe3b6Baf8ce412e0c8aBB6A8510355e3F,29,15089.0,29.0,0.0,100.0,520.0
0x19483bf6aBFbAF3604f731f3f744B8838872EC4F,29,15081.0,29.0,0.0,100.0,520.0
0x6975C88669bDF507A66a07b6daD76c1169a8BDbB,31,14948.0,31.0,0.0,100.0,482.0
0xD398FD2a725DAc36ddD90a81490d272cc88CA0ab,30,13321.0,30.0,0.0,100.0,444.0
0x5b1e3f1ea73C0DB8CA1253b7a1a508785f3158AF,31,15045.0,31.0,0.0,100.0,485.0
0xA625BAbf3e643d8088dcFb9Ae9b111962A35b74f,31,15050.0,31.0,0.0,100.0,485.0
0x065F1F504c5e6A23fd13C161B0AfCf2223F62783,28,13111.0,28.0,0.0,100.0,468.0
0x60823Dea68098620c123b79cd135A3B3940773dB,39,24239.0,39.0,0.0,100.0,622.0
0x13Aa9a965dC6768beec25fBef07ED305f45cd906,26,24865.0,26.0,0.0,100.0,956.0
0xA6e1859390fD4B7746087F5844E1C25c0012e6FF,33,25077.0,33.0,0.0,100.0,760.0
0xdF02f163225F1bb1aBda3b30844EcfdB9aF3Ea3e,31,15045.0,31.0,0.0,100.0,485.0
0xe14DcC5ef9685D7377778E5Cc60cad003ABD1862,31,14678.0,31.0,0.0,100.0,473.0
0xc6301D10F0F8b98687b185Ff9E215a6ef12799CA,29,24572.0,29.0,0.0,100.0,847.0
0x9C8f5642C7AB0C93aD91510e5AB962DfBe281c5c,22,10052.0,22.0,0.0,100.0,457.0
0x3869ef71A765DDBcD0FbAC75f6debc474F2842a6,23,10025.0,23.0,0.0,100.0,436.0
0xD70fF7dc61f9fAf19160cBF8C52BB2D71f31098A,38,24865.0,38.0,0.0,100.0,654.0
0xaE2FAa55eA9d2f2a469E0298E1cFa9b02d97fBA9,32,12422.0,32.0,0.0,100.0,388.0
0xDfa5A17b8eAB318C8C7f54E469D733f45a55c687,38,24705.0,38.0,0.0,100.0,650.0
0x1cF48400E82B7d853aF966365c06B293Ff1D208C,26,11484.0,26.0,0.0,100.0,442.0
0x894CE25a6f7F7fc29D72fC99175FB344Bd6c788F,32,14963.0,32.0,0.0,100.0,468.0
0x990480112Ad1D9aa8B9Ef8A3c5B9B6AC6312803a,34,15029.0,34.0,0.0,100.0,442.0
0x17a33FbF0Cea9Dc5fb21485ECf7767E8A12ebB12,25,11427.0,25.0,0.0,100.0,457.0
0xab77cC0864587d01dA357A8e66d5f23545F15fB7,22,14996.0,22.0,0.0,100.0,682.0
0xEbcC210f250d8c8022AF6dB126592F4e1b3A9708,30,13872.0,30.0,0.0,100.0,462.0
0x6d3f2976DC8D7aef88327Ddf39C19565b230e3f2,30,15097.0,30.0,0.0,100.0,503.0
0x9C63744fB5438942F5411602E1736d991e9Caa03,31,13288.0,31.0,0.0,100.0,429.0
0x8f97d263073836229aa378C472c417D12641bCFE,41,34544.0,41.0,0.0,100.0,843.0
0x5beA436Fc83eC1e8E0D72aD91B7743365D94ad6d,24,49697.0,24.0,0.0,100.0,2071.0
0x2ADC24b615d8Db8BF7B85d5958C7F14B17654f98,32,24780.0,32.0,0.0,100.0,774.0
0xbcCF6280EB6D859Bc14f58951a5a45BbCfa6B053,20,15069.0,20.0,0.0,100.0,753.0
0x1143e3AFB80b4AF5bB97394C0aA71A1bd1E00C57,31,11503.0,31.0,0.0,100.0,371.0
0x89a4c462aAf529830cacEc9FD694FDB29393c3c2,31,14137.0,31.0,0.0,100.0,456.0
0x85CBD06464C52585955D6F47fE7c44689225E3fA,30,14993.0,30.0,0.0,100.0,500.0
0xE03696542C6136FB74150781B5e4261694Eb235c,26,25012.0,26.0,0.0,100.0,962.0
0x8c8551107479C9e608DfA13851e9587196E4a10E,21,11047.0,21.0,0.0,100.0,526.0
0xb2d2B2D12BC00C69d661C9EE2b2E7a07dddFC1a3,20,15056.0,20.0,0.0,100.0,753.0
0x1c8c57B42002b28BBe1A5d28996046FdF142d4dC,25,15599.0,25.0,0.0,100.0,624.0
0x8c88E50bD99e23f9E29127075e39f20bc906f729,20,15127.0,20.0,0.0,100.0,756.0
0x949d9cff3A1Bc48166704Ce26A8F924C63c60b6B,22,25082.0,22.0,0.0,100.0,1140.0
0x2aba98971db01b3d216b1310cA23C47d540E1545,21,15105.0,21.0,0.0,100.0,719.0
0x4CaC37E5f8754692928910219E9A7ca89071f5F7,20,15085.0,20.0,0.0,100.0,754.0
0x67a96CF97dCe6a681EAd6cD3daf165a58268D0e4,20,10049.0,20.0,0.0,100.0,502.0
0x60Cb5Eed84b4921004FC9F504f535141AA18677C,20,15049.0,20.0,0.0,100.0,752.0
0xa7bbf79177A77F607c4132460da0B0b5A41DBCa4,30,13853.0,30.0,0.0,100.0,462.0
0xF8aB968FAC11857D65a17214dFaFAE5df0c08977,26,24940.0,26.0,0.0,100.0,959.0
0x72580cDD141CA32f5F5E8Cc80d5712B951e2a732,21,14991.0,21.0,0.0,100.0,714.0
0x38B408091b6Bc28458fDE55784a503747E733bFA,30,15040.0,30.0,0.0,100.0,501.0
0x11d14F90285A812818B9a35747FBE8B69583067A,30,11850.0,30.0,0.0,100.0,395.0
0xBBeac7A30eF7aAccf8776bCE9B4B030560320518,24,24950.0,24.0,0.0,100.0,1040.0
0x9e1CA85818CfDc03D91F6292d6D4FcBF84DFE41B,20,14943.0,20.0,0.0,100.0,747.0
0x0A147100954f3371d891565bD0912179370A7b6d,28,15050.0,28.0,0.0,100.0,537.0
0x6Aa151e6669BE929D50C9381C243A2fC283B96b8,29,11517.0,29.0,0.0,100.0,397.0
0xA6ca4a6A97436102bC0c503477240531398B0AD4,41,24634.0,41.0,0.0,100.0,601.0
0x54ADCB3A5191c6c2107b366A57C141c35Ddc72c7,20,14951.0,20.0,0.0,100.0,748.0
0xDec87b156D501cbd77709f76A1FA5C7170AFeE9A,20,15060.0,20.0,0.0,100.0,753.0
0x3171d24a54494A63Ad2E94B3bEC46F1FFCb6A6A5,25,14839.0,25.0,0.0,100.0,594.0
0xcc2B87D3a8A175BD68D27773e9e155233778b68d,20,10073.0,20.0,0.0,100.0,504.0
0x2a1f3954b560Ad8152D3975dfE655416A116F9fb,36,37793.0,36.0,0.0,100.0,1050.0
0x4458EBf408353D9539BFf87941cf5289497081d2,25,12793.0,25.0,0.0,100.0,512.0
0xc82a2fDBadfB04E23b65CB779518EbE354f8cfD2,29,15119.0,29.0,0.0,100.0,521.0
0xd48bcADEebA9a44407Da300d017E8D4b9A69A91F,36,24977.0,36.0,0.0,100.0,694.0
0xAB9F1aF3233a964FE393dd90eC2A0df4B5034Ef5,34,14498.0,34.0,0.0,100.0,426.0
0xA1979F06039AE768dEfa43292D144043536aF372,20,15143.0,20.0,0.0,100.0,757.0
0xdefc5AbD90F1c4651EFBb307D4ba414D11CA16c0,33,25132.0,33.0,0.0,100.0,762.0
0xff1611c3FA28f5b22045Cc240B45c24b5F5C9B00,27,25139.0,27.0,0.0,100.0,931.0
0x1a1aB461F8Ab807bB86c41Fd16E850f86056677E,30,13849.0,30.0,0.0,100.0,462.0
0xbce1Bff34aEc503f5745839d81a0932c30Ff0a83,29,15040.0,29.0,0.0,100.0,519.0
0x548628B456e6D4d94572005d501bD01bF6760AAb,31,14974.0,31.0,0.0,100.0,483.0
0xf0E6973461F424a053fC1B4b8Bb6E669003ff63B,32,14021.0,32.0,0.0,100.0,438.0
0xA0f6184FEd732c1d6cacfe82D5CbE9A54ee04aa3,30,15011.0,30.0,0.0,100.0,500.0
0xc025d13Dc9a4BCD5F80C3457bA006ae495957a7e,30,15093.0,30.0,0.0,100.0,503.0
0xdF129628dD01252a461DC35388f9c8091aF8CeF3,27,14909.0,27.0,0.0,100.0,552.0
0x5a301e446336E1f97d5B7409350477Ea34f2E58d,30,24582.0,30.0,0.0,100.0,819.0
0xB95e321868E94D3C6CFdaee4B91Afc9E3c1655ae,21,15071.0,21.0,0.0,100.0,718.0
0xAa5520b9aA524BD8Ff38f9265926F587c2ECa72a,25,24954.0,25.0,0.0,100.0,998.0
0x934FC6EfF18D6f67Bf5FeDDF5AcA4Ec24D76D0C8,20,15108.0,20.0,0.0,100.0,755.0
0xc33A1A5Eb77d3805bAd1F09046e5e3898fA6d8cD,20,15083.0,20.0,0.0,100.0,754.0
0x14283De4980fB95Fe45CA20CA667c7C03ed07721,23,14987.0,23.0,0.0,100.0,652.0
0x317f467E47B08E58b729cf08061e7721AC27B7C4,30,14947.0,30.0,0.0,100.0,498.0
0x3b8aBd9d99670D777123C4fc2630501462DB5890,28,13126.0,28.0,0.0,100.0,469.0
0xCE34B2EB0ebeFC33EeB271D8F8e360a31D25ac8B,20,14945.0,20.0,0.0,100.0,747.0
0x1Ce60d173d24E9c09A453BCf01176dFc1E5D0185,26,24952.0,26.0,0.0,100.0,960.0
0x6d620e1932DEc7dEfE9B14b72f26a7d3E7F0C4E9,30,13788.0,30.0,0.0,100.0,460.0
0x992505328eD73B02b029A37716087B7154FB085B,34,24736.0,34.0,0.0,100.0,728.0
0xcA7a93b36f997Fb95E760996Ff7baE950a825b29,32,15090.0,32.0,0.0,100.0,472.0
0xCDe0bdE9E8a5BF05fF779823f6Aa51F8D458189e,20,14938.0,20.0,0.0,100.0,747.0
0x571cC4274Eb6585552aB216C711BFd3f4cf10Bf1,44,40573.0,44.0,0.0,100.0,922.0
0x85C7eb9E01BCcC02D504b3e3f673bdb72b61D9bA,20,15035.0,20.0,0.0,100.0,752.0
0x21Dee2c370D8a55DE68faE89F0633B075e4259Cd,28,14885.0,28.0,0.0,100.0,532.0
0xAd6d13479d4bCE4a6897617fcE75ce1707Cc4c7a,23,15017.0,23.0,0.0,100.0,653.0
0xe1F17E6D9D5E0d036Ded7a43E0B68ef5481688E3,30,15049.0,30.0,0.0,100.0,502.0
0x29c104b1179de3dA4113D16d4feaBfB40DB310A8,34,15185.0,34.0,0.0,100.0,447.0
0xfa4F6E982696a65d77E0d23C5dAAB73A422091b4,25,14814.0,25.0,0.0,100.0,593.0
0x0A4C637f2C351Dd73A41fa439954fc5A13a4C58D,36,25085.0,36.0,0.0,100.0,697.0
0x5B35FcE24121Fb7333B1D365619d385C1e173E28,20,15123.0,20.0,0.0,100.0,756.0
0x5B117398b0953103036C83F6A7ABDb06cf712939,29,14915.0,29.0,0.0,100.0,514.0
0x1c69F8C5b8B4838C8Dce7653e8633290fc618AD6,29,15062.0,29.0,0.0,100.0,519.0
0xA88Bc702B33f74a5e73fe229231111684f06F620,31,13862.0,31.0,0.0,100.0,447.0
0x39C262621e9841afA6Da30906a1AFca1b234A44A,30,13746.0,30.0,0.0,100.0,458.0
0x3dBC4137c0862Ab17AaBDD8FDfc7bd4954aE9488,46,24854.0,46.0,0.0,100.0,540.0
0x2A16ccb84065981e1439c26383431d810a937c73,20,15019.0,20.0,0.0,100.0,751.0
0xE66b3bCbF0A5B74c20Ac54f1eF0b99031D22219e,30,15085.0,30.0,0.0,100.0,503.0
0x9C6959f6721D4Be970242433B94f68bEc3eF9B00,30,15108.0,30.0,0.0,100.0,504.0
0x6c2940Dbd0d72E1F514be116dDfb52e0A3fe1c76,23,14635.0,23.0,0.0,100.0,636.0
0x4e113A0Dbb3F06FD3c804598c0847f4E6A652c9b,34,25433.0,34.0,0.0,100.0,748.0
0x77dA43D6C5757F7F484D5A17A30Ff222f5ae8574,30,13930.0,30.0,0.0,100.0,464.0
0x02dDFc8f7Af3e1A3092F946f04e5601F953C01E5,30,27896.0,30.0,0.0,100.0,930.0
0x2303316B95D8a3db971089C7B677C1c9D50fff5d,31,13785.0,31.0,0.0,100.0,445.0
0x850Bc7d13D1F4C5C78772B8F76331696F2a4211C,38,25043.0,38.0,0.0,100.0,659.0
0x5C54c5962ba087307a534FeFE08b9d2183134944,28,15087.0,28.0,0.0,100.0,539.0
0xb1716Ed087747e86158D91a68c9FA00cc9Bc63d4,29,15143.0,29.0,0.0,100.0,522.0
0x1edC4b208D2Ca11D5E996744849bc38F28148FC0,20,15106.0,20.0,0.0,100.0,755.0
0xA79c1D5F93437E8b87136F0129E5E31D65F4adF2,32,24598.0,32.0,0.0,100.0,769.0
0x8dfc1A1cF7e0b102cD4D1F905a92D968004B0014,46,36587.0,46.0,0.0,100.0,795.0
0x209Ac7B5f4944A1AbecD83407c7c532CA2834269,36,14795.0,36.0,0.0,100.0,411.0
0x5770999d2395B8B6B7f183b37Fd54CA158Fae7f0,24,14818.0,24.0,0.0,100.0,617.0
0x90DEe690F376538a673EbcE43a3d8A6b1116b4d6,20,15119.0,20.0,0.0,100.0,756.0
0xD6E345A2Cb7f44B475a1fcb2268818b1C9e7099B,22,25173.0,22.0,0.0,100.0,1144.0
0x25f5cF684651B010a1b78dbc5d1dfB8A9F6710f9,20,15008.0,20.0,0.0,100.0,750.0
0x5d6935865A80BDDFfDda3703B765cFa69902528c,20,15090.0,20.0,0.0,100.0,755.0
0x23B5BC05D5C069FF7aEb2cf031Fdb263190d1087,20,15087.0,20.0,0.0,100.0,754.0
0x54F314f5DC7d32f8b47B89730ed2674cc08415Eb,29,12446.0,29.0,0.0,100.0,429.0
0xf5DD7962Fe3032ef36d1642Aa6c2DD08e4cA96F0,35,25159.0,35.0,0.0,100.0,719.0
0x34BCf66128e07729Ec84c495C6881a16493E8b66,43,36676.0,43.0,0.0,100.0,853.0
0xfF45B1ec52d8bd7A6bE2fD40428BE26ba7dF2b41,32,30965.0,32.0,0.0,100.0,968.0
0x532c6dE341216B9021C173d4C8a33Bb61192ADdB,30,15002.0,30.0,0.0,100.0,500.0
0xC934DeEc480B83d8C45d1c895Fb1bB34896EEB1C,30,11611.0,30.0,0.0,100.0,387.0
0x8640B164853686416a38f6283077F10d8869E5C1,21,11323.0,20.0,0.0,100.0,539.0
0x53511a9B9aB703A070EBAd469B0167781c4975C7,33,24859.0,33.0,0.0,100.0,753.0
0xD66b068F742698a92945596Ff4F4244444FF4843,30,24883.0,30.0,0.0,100.0,829.0
0xc8c0DAb3495E94807191C37e6aFBc7Ecf5A70aA4,31,15021.0,31.0,0.0,100.0,485.0
0x40356DA31B327129c38F7B6850E66224FF049eF8,30,15005.0,30.0,0.0,100.0,500.0
0x914989929e604f79A93537f1962fB1f2f0920a65,21,27140.0,21.0,0.0,100.0,1292.0
0x3799c51018a447f77e3D57fea5539387f95aD699,30,14826.0,30.0,0.0,100.0,494.0
0xe9Ab95730a156073F6194fb986Ba64C492291F1C,26,25028.0,26.0,0.0,100.0,963.0
0x6d9107FEc92f328a55961901be0884d30a782948,29,13115.0,29.0,0.0,100.0,452.0
0x95DCDCDeA15eFD424C94E7fEf393101e6Af335C2,20,15042.0,20.0,0.0,100.0,752.0
0x52C24E134a6DeAacD8be26BE34cfe7325369B7AF,29,14805.0,29.0,0.0,100.0,511.0
0x4974a9bAE355E494927976F7979Fd6aB8c62A41b,30,15123.0,30.0,0.0,100.0,504.0
0xffDD1974683fEb49e045fE308828391a63EE63EB,31,14165.0,31.0,0.0,100.0,457.0
0xE938478a2cc99D635cB805359781b39e86A0Ef75,30,14897.0,30.0,0.0,100.0,497.0
0x3f7203188d9B402d69871c6394F6b05e8DAdA0eE,31,14920.0,31.0,0.0,100.0,481.0
0xbf8Cfb56C263cb6995208e47E0F0744236b235AD,29,15068.0,29.0,0.0,100.0,520.0
0x9FFDA6b1e4EF955FAFab364b862EB98c88967e53,31,15045.0,31.0,0.0,100.0,485.0
0xdBb3F8df695f01bD81C47C86e2dAD991176D8266,30,11769.0,30.0,0.0,100.0,392.0
0x40749bF42A556d03ae76d060b6DedDcEE94D2003,28,13779.0,28.0,0.0,100.0,492.0
0x82709cD6eB276734927F08E83AC10E9b18B57e22,58,31739.0,58.0,0.0,100.0,547.0
